{"version":"1.01","uptime":8880187,"ipaddr":"192.168.0.69","ssid":"SUDO-REGIMENT","mac":"CC:50:E3:CE:04:7F","dnsname":"cueKing","UTCoffset":3600,"temp1":68.74025614,"temp2":68.72237738,"tune":0,"shift":0,"currenttime":"09:57:15","dfilesize":133258,"pidname":"FanControl","pidrunning":false,"pidinterval":60000,"targettemp":225,"lastpidtemp":68.74025614,"pideot":0,"fanpercent":100,"kP":2,"kI":0.2,"kD":4,"tscale":3,"p1sharta":1.98592665e-3,"p1shartb":6.68028033e-5,"p1shartc":9.48003051e-7,"p2sharta":1.98592665e-3,"p2shartb":6.68028033e-5,"p2shartc":9.48003051e-7}