{"version":"1.01","uptime":425407966,"ipaddr":"192.168.0.80","ssid":"SUDO-REGIMENT","mac":"CC:50:E3:CE:06:51","dnsname":"cueKing1","UTCoffset":0,"temp1":64.49661771,"temp2":64.46090482,"tune":0.15,"shift":0.7,"currenttime":"08:04:26","dfilesize":162825,"pidname":"FanControl","pidrunning":true,"pidinterval":60000,"targettemp":225,"lastpidtemp":64.49661771,"pideot":0,"fanpercent":100,"kP":2,"kI":0.2,"kD":4,"tscale":3,"p1sharta":1.98592665e-3,"p1shartb":6.68028033e-5,"p1shartc":9.48003051e-7,"p2sharta":1.98592665e-3,"p2shartb":6.68028033e-5,"p2shartc":9.48003051e-7,"pass":"21232f297a57a5a743894a0e4a801fc3"}