{"version":"1.05","uptime":9960172,"ipaddr":"192.168.0.78","ssid":"SUDO-REGIMENT","mac":"CC:50:E3:CE:0F:20","dnsname":"cueKing3","UTCoffset":0,"temp1":510.3914289,"temp2":510.3914289,"tune":0,"shift":0,"currenttime":"16:05:58","dfilesize":14905,"pidname":"FanControl","pidrunning":true,"pidinterval":60000,"targettemp":225,"lastpidtemp":510.3914289,"pideot":0,"fanpercent":0,"kP":2,"kI":0.2,"kD":4,"tscale":3,"p1sharta":1.98592665e-3,"p1shartb":6.68028033e-5,"p1shartc":9.48003051e-7,"p2sharta":1.98592665e-3,"p2shartb":6.68028033e-5,"p2shartc":9.48003051e-7,"pass":"21232f297a57a5a743894a0e4a801fc3"}